{"cameraMode":{"drawMode":0,"name":"Shaded","section":"Shading Mode"},"sceneLighting":true,"audioPlay":false,"sceneViewState":{"m_AlwaysRefresh":false,"showFog":true,"showSkybox":true,"showFlares":true,"showImageEffects":true,"showParticleSystems":true,"showVisualEffectGraphs":true,"m_FxEnabled":true},"in2DMode":false,"pivot":{"x":2.2300074100494386,"y":0.8115455508232117,"z":0.10508489608764649},"rotation":{"x":0.022966397926211358,"y":0.9692990183830261,"z":-0.09951549023389816,"w":0.2236868143081665},"size":1.0384807586669922,"orthographic":false}