{"cameraMode":{"drawMode":0,"name":"Shaded","section":"Shading Mode"},"sceneLighting":true,"audioPlay":false,"sceneViewState":{"m_AlwaysRefresh":false,"showFog":true,"showSkybox":true,"showFlares":true,"showImageEffects":true,"showParticleSystems":true,"showVisualEffectGraphs":true,"m_FxEnabled":true},"in2DMode":false,"pivot":{"x":4.857163429260254,"y":-0.6287661790847778,"z":-1.4653527736663819},"rotation":{"x":0.10423360019922257,"y":0.850678026676178,"z":-0.18425975739955903,"w":0.48121127486228945},"size":2.8374767303466799,"orthographic":false}